GAME_ID,TEAM_ID,TEAM_NAME,TEAM_ABBREVIATION,TEAM_CITY,MIN,FGM,FGA,FG_PCT,FG3M,FG3A,FG3_PCT,FTM,FTA,FT_PCT,OREB,DREB,REB,AST,STL,BLK,TO,PF,PTS,PLUS_MINUS
2022200213,1612709920,905,RAP,Raptors,240.000000:00,52,87,0.598,13,35,0.371,11,13,0.846,12,41,53,39,10,14,17,37,136,36.0
2022200213,1612709893,Charge,CLC,Cleveland,240.000000:00,23,81,0.284,11,36,0.306,24,33,0.727,18,20,38,15,10,3,17,16,100,-36.0
